<?xml version="1.0" encoding="UTF-8"?>
<project-private xmlns="http://www.netbeans.org/ns/project-private/1">
    <editor-bookmarks xmlns="http://www.netbeans.org/ns/editor-bookmarks/2" lastBookmarkId="0"/>
    <open-files xmlns="http://www.netbeans.org/ns/projectui-open-files/2">
        <group>
            <file>file:/D:/Downloads/ConversorMoneda-ONE-Alura_Challenge-master/ConversorMoneda-ONE-Alura_Challenge-master/src/com/ventanas/Conversor.java</file>
            <file>file:/D:/Downloads/ConversorMoneda-ONE-Alura_Challenge-master/ConversorMoneda-ONE-Alura_Challenge-master/src/com/clases/divisa/IClavesDivisas.java</file>
            <file>file:/D:/Downloads/ConversorMoneda-ONE-Alura_Challenge-master/ConversorMoneda-ONE-Alura_Challenge-master/src/com/clases/divisa/PesoMexicano.java</file>
            <file>file:/D:/Downloads/ConversorMoneda-ONE-Alura_Challenge-master/ConversorMoneda-ONE-Alura_Challenge-master/src/com/clases/temperatura/Temperatura.java</file>
            <file>file:/D:/Downloads/ConversorMoneda-ONE-Alura_Challenge-master/ConversorMoneda-ONE-Alura_Challenge-master/src/com/service/ProveedorAPI.java</file>
        </group>
    </open-files>
</project-private>
